observations	probability_of_error	error_truth
A	0.125650150591298	FALSE
T	0.0923788169592899	FALSE
A	0.196982150792578	FALSE
T	0.063769259432544	FALSE
T	0.163563049883943	TRUE
A	0.018777992188664	FALSE
T	0.0184166612857552	FALSE
T	0.0566750595663793	FALSE
T	0.0280351938735162	FALSE
T	0.165644768821992	FALSE
T	0.0857613738990882	FALSE
A	0.052394971933865	FALSE
T	0.00105750565955044	FALSE
A	0.115437493450246	FALSE
T	0.0955000481222073	TRUE
A	0.0491378074831917	FALSE
A	0.0327424684695034	FALSE
T	0.135578150914267	FALSE
T	0.0440913263911382	FALSE
T	0.0758889016738814	FALSE
A	0.182331524177363	FALSE
A	0.0351902079752097	FALSE
T	0.15381096244147	FALSE
A	0.148994049401545	FALSE
A	0.118835489438197	FALSE
A	0.0592213744027458	FALSE
A	0.12643338950338	FALSE
A	0.076083043315821	FALSE
A	0.0989861285642701	FALSE
A	0.0633242085665125	FALSE
A	0.010731194384801	FALSE
T	0.0691697976566166	FALSE
T	0.0683931930554471	FALSE
T	0.151709561370039	FALSE
T	0.0239839122770174	FALSE
T	0.00758536296656764	FALSE
A	0.135784482500953	FALSE
T	0.166766682690116	TRUE
T	0.11955226992628	FALSE
T	0.104080983972743	FALSE
T	0.00510572756156533	FALSE
T	0.172678745929039	FALSE
T	0.0465542996384674	FALSE
A	0.176397946208726	TRUE
A	0.171050787792852	TRUE
A	0.117501241755856	FALSE
T	0.120291542415609	FALSE
A	0.0495101357070521	FALSE
A	0.0302870043115522	FALSE
A	0.0146937812435794	FALSE
A	0.112661434603694	FALSE
T	0.151884242975405	FALSE
A	0.11711098210814	FALSE
T	0.0963391228541397	FALSE
T	0.151430850660182	TRUE
T	0.176332908993709	FALSE
A	0.0634901055318867	FALSE
T	0.0989296093111748	FALSE
A	0.068702232645099	FALSE
T	0.0451908151326074	FALSE
T	0.0652090899014852	FALSE
A	0.178998059618167	FALSE
T	0.132934081774567	FALSE
T	0.188435854882067	TRUE
T	0.064313612074429	FALSE
T	0.152565856637331	FALSE
A	0.0422997557191554	FALSE
T	0.0778534822756433	FALSE
A	0.0638340122651899	FALSE
T	0.14029436116368	TRUE
T	0.113363806915475	FALSE
T	0.107920424168771	TRUE
T	0.0858238169867361	FALSE
T	0.166882490518763	TRUE
T	0.0669732438764591	FALSE
A	0.182386673513681	FALSE
A	0.168027248047617	FALSE
T	0.0519231993333136	FALSE
A	0.0103150271663382	FALSE
A	0.0404581508365953	FALSE
T	0.0540857178219171	FALSE
A	0.149570401508915	FALSE
T	0.117115281831272	FALSE
A	0.132650694730675	FALSE
T	0.00812686155351583	FALSE
T	0.173487918067627	FALSE
A	0.0581632330365417	FALSE
A	0.0885934331717926	FALSE
T	0.0935667865116329	FALSE
A	0.177368961314189	FALSE
T	0.168334556444153	FALSE
T	0.153492885610373	FALSE
A	0.172027077524347	FALSE
T	0.152398351459318	FALSE
T	0.115170047570685	FALSE
A	0.0159881170491878	FALSE
A	0.012944505731227	FALSE
T	0.10399234070209	FALSE
T	0.0388038407171652	FALSE
A	0.05691399240622	FALSE
T	0.0103036617286877	FALSE
T	0.168057203272604	FALSE
A	0.124847664684037	FALSE
A	0.00123037596617065	FALSE
T	0.134449811161964	FALSE
A	0.184445431978569	FALSE
A	0.128681746312108	TRUE
A	0.0368781801524327	FALSE
A	0.122405899080163	FALSE
A	0.0593461967265734	FALSE
T	0.145248784749483	TRUE
T	0.13714371197708	FALSE
T	0.048239325935074	FALSE
T	0.0457050726508556	FALSE
T	0.04046092307521	FALSE
A	0.00760895990096334	FALSE
T	0.0801299942163833	FALSE
T	0.0966099124231248	FALSE
T	0.0847038224132596	FALSE
A	0.0966892571932474	FALSE
A	0.117045569555322	FALSE
T	0.0739068685366585	FALSE
A	0.14367652388611	FALSE
A	0.0854165913140363	FALSE
A	0.0616675235012209	FALSE
A	0.154697705877778	FALSE
T	0.145810567969802	TRUE
T	0.0187152528502375	FALSE
A	0.17387584864492	FALSE
A	0.129087753937941	FALSE
T	0.142522558725309	FALSE
T	0.159289699020174	TRUE
T	0.0149596707685855	FALSE
A	0.0527094341810288	FALSE
A	0.10190776053838	FALSE
A	0.126412498044615	FALSE
T	0.0274845687874964	FALSE
T	0.0961042394261699	TRUE
T	0.0836565293201177	FALSE
A	0.115757957352365	FALSE
A	0.176192510858536	FALSE
A	0.170858651667202	FALSE
A	0.0366632822601962	FALSE
T	0.129758791158865	FALSE
A	0.174171872333009	TRUE
T	0.173946006644222	FALSE
T	0.0973632859067034	FALSE
T	0.0161670367913773	FALSE
T	0.0952288541958983	FALSE
A	0.0392005181596574	FALSE
T	0.0244089710163431	FALSE
A	0.148933603689512	FALSE
A	0.0594839094402539	FALSE
A	0.040936439987436	FALSE
A	0.125612649366135	FALSE
A	0.116904953437055	FALSE
T	0.0122701036231759	FALSE
A	0.113893901353098	FALSE
A	0.0653978715698504	FALSE
T	0.165814914256532	TRUE
T	0.195012150700361	FALSE
T	0.165089226559144	FALSE
T	0.116168751391592	FALSE
T	0.172066355938389	FALSE
A	0.0557829013920249	TRUE
A	0.180839375281676	FALSE
A	0.174972835180852	FALSE
T	0.0503412699968574	FALSE
T	0.161716206078749	FALSE
A	0.0797396895487808	FALSE
A	0.137580443857018	FALSE
T	0.0718001422871543	FALSE
T	0.0236541204808454	FALSE
T	0.132196526376489	FALSE
A	0.117767602642079	FALSE
A	0.0678942665838008	FALSE
A	0.148420882236239	TRUE
T	0.000646830226308471	FALSE
T	0.107830249386121	FALSE
T	0.00106814712716853	FALSE
T	0.0853634209163265	FALSE
T	0.0766575285805721	FALSE
A	0.0705214597184963	FALSE
T	0.0897938246862652	TRUE
A	0.157678788976656	FALSE
T	0.0496883415816008	FALSE
T	0.0586561795984425	FALSE
T	0.120557683502064	FALSE
A	0.164987576356136	FALSE
A	0.0345771710957384	FALSE
T	0.0647923317121511	FALSE
T	0.127478172586283	FALSE
T	0.170734323164611	TRUE
A	0.180204436043998	FALSE
T	0.0206709951785662	FALSE
T	0.0967088357756566	FALSE
T	0.108180797125736	FALSE
T	0.0275382521281814	FALSE
A	0.112240338957186	FALSE
A	0.195865126495931	TRUE
A	0.0790280875667249	TRUE
A	0.165158137351692	TRUE
T	0.0472502961193645	FALSE
A	0.149122564500049	FALSE
A	0.0635487453741237	FALSE
T	0.0291508908850255	FALSE
T	0.0810697336507243	FALSE
T	0.165498610828108	TRUE
T	0.00226584804841918	FALSE
A	0.130860103050639	FALSE
T	0.00987001487466931	FALSE
A	0.137898205953467	FALSE
T	0.128214972733153	FALSE
A	0.0622579942473903	FALSE
T	0.00718400065022627	FALSE
A	0.152870356715316	TRUE
A	0.17915949334495	FALSE
T	0.0949595353400487	FALSE
A	0.108852374744069	FALSE
A	0.140238025232659	FALSE
T	0.122135759123542	TRUE
T	0.0641905965682741	FALSE
A	0.164936047078476	FALSE
T	0.0362573261455922	FALSE
A	0.014803263631027	FALSE
A	0.0253877803896814	FALSE
T	0.0958798491871536	FALSE
T	0.0370204823396572	FALSE
T	0.036412519210643	FALSE
A	0.150927816949409	FALSE
A	0.0796292006435545	TRUE
A	0.110711129722588	FALSE
A	0.084976747930088	FALSE
T	0.00416646769294177	FALSE
A	0.101561765492955	FALSE
T	0.14668018734317	FALSE
A	0.0701257724228155	FALSE
T	0.100685484212911	TRUE
A	0.0515361260301669	FALSE
A	0.0857535222664536	FALSE
T	0.156539056290986	FALSE
T	0.0482395756265604	FALSE
A	0.0370963847689634	FALSE
A	0.172133226440846	FALSE
A	0.159135033253564	FALSE
A	0.154764292466158	FALSE
T	0.14859512383409	FALSE
T	0.144301790830909	FALSE
T	0.00852223442425566	FALSE
T	0.0580958084076289	FALSE
A	0.122686526220848	FALSE
T	0.00794483643615069	FALSE
T	0.114508814286913	FALSE
T	0.129753284360866	FALSE
A	0.064828627321187	FALSE
T	0.0918867243626918	FALSE
A	0.126227742408282	FALSE
A	0.141932547232378	FALSE
T	0.0864121965112581	TRUE
T	0.139613251663191	FALSE
A	0.0515694136312719	FALSE
T	0.00339959631621328	FALSE
T	0.0855196640845703	FALSE
A	0.127629523124715	FALSE
A	0.112397442153879	FALSE
T	0.0406100939402769	FALSE
A	0.126525255935867	FALSE
T	0.0823787352420742	FALSE
T	0.1008748737917	FALSE
A	0.024019551292688	FALSE
A	0.113685956101449	FALSE
T	0.0639558754403362	FALSE
A	0.0866692423135793	FALSE
A	0.0481853828421708	FALSE
A	0.0195133277528408	FALSE
A	0.0513472797544286	FALSE
T	0.105365741280077	FALSE
T	0.125076606688211	FALSE
T	0.131987019577615	FALSE
A	0.129750342662215	TRUE
T	0.122308923656423	FALSE
A	0.0417820006884911	FALSE
T	0.158839079878529	FALSE
T	0.084012310134545	FALSE
T	0.140964685548328	FALSE
T	0.0858036594357229	FALSE
A	0.146777550253546	FALSE
T	0.180679183695997	FALSE
T	0.162159295020785	FALSE
T	0.00112381554950134	FALSE
A	0.0929875716678786	FALSE
T	0.124756158426453	FALSE
T	0.0360567166749045	FALSE
T	0.133284459273687	FALSE
T	0.12534488002994	FALSE
A	0.051861657188281	FALSE
A	0.0860545135525693	FALSE
A	0.0551385375820714	FALSE
A	0.150702211595501	FALSE
A	0.0538286023878318	FALSE
T	0.149665765483786	FALSE
A	0.04747134352805	FALSE
A	0.0220755883879392	FALSE
A	0.0483963399662361	FALSE
T	0.0613353743717966	TRUE
A	0.094844855254041	FALSE
A	0.131701307764187	FALSE
A	0.0873257567546501	FALSE
A	0.0782355733471828	TRUE
T	0.089371929543263	FALSE
A	0.160333578870537	FALSE
A	0.0467828896185136	FALSE
T	0.0288937252724546	FALSE
T	0.0738345469894034	FALSE
T	0.153660490639044	TRUE
T	0.0776156206845929	FALSE
T	0.0499723438996252	FALSE
T	0.0181650031313264	FALSE
A	0.122199322218076	FALSE
T	0.0128738579674504	FALSE
A	0.126836443106272	FALSE
A	0.18716255534979	FALSE
A	0.139394708430527	FALSE
T	0.0422140165323817	FALSE
T	0.146131291168866	FALSE
T	0.0416455970099769	FALSE
A	0.0904875387025152	FALSE
A	0.116037866235	FALSE
T	0.126158018010503	FALSE
T	0.00605880963063682	FALSE
A	0.0724391464999554	FALSE
T	0.0409537776882495	FALSE
T	0.0340720986063236	FALSE
T	0.0992221567401229	TRUE
T	0.155510187076848	FALSE
T	0.169770519715011	TRUE
T	0.101404364529148	FALSE
A	0.0873717788267231	FALSE
T	0.0732096538012635	TRUE
A	0.156705740732977	FALSE
A	0.128147867398256	FALSE
A	0.0863263718101932	FALSE
T	0.154585246369897	FALSE
T	0.0153737854956376	FALSE
A	0.112929199454453	FALSE
T	0.154075470701622	FALSE
A	0.10293477228375	FALSE
T	0.0862294004871426	FALSE
T	0.0745746387509635	FALSE
T	0.0569654091966991	FALSE
T	0.0676121022154441	FALSE
T	0.025044848716536	FALSE
T	0.068280946009703	FALSE
T	0.0334791511405185	FALSE
A	0.00459793751472043	FALSE
T	0.107819998674071	FALSE
T	0.177117046102758	FALSE
T	0.177274153193733	FALSE
A	0.129443905355293	FALSE
T	0.134450710411753	FALSE
T	0.0792524337340377	FALSE
A	0.107797677310495	FALSE
A	0.0607686986208298	FALSE
T	0.0564252317364844	FALSE
A	0.0713239959560108	FALSE
T	0.0497761168746708	FALSE
A	0.0536948308418152	FALSE
A	0.0760799961595903	FALSE
T	0.10650053479135	FALSE
A	0.0651447295039848	FALSE
A	0.0758697067016798	FALSE
A	0.0588815286683996	FALSE
A	0.167223354007115	FALSE
T	0.173329487589834	TRUE
A	0.126188951988794	FALSE
A	0.127058548631622	FALSE
A	0.0219248957096775	FALSE
T	0.0245817369277337	FALSE
T	0.179374959839465	TRUE
T	0.171592700860696	TRUE
T	0.106576342664102	FALSE
T	0.0459101405832104	FALSE
A	0.174549559649096	FALSE
T	0.132931425123348	FALSE
T	0.160217886096133	TRUE
T	0.0643152925044749	FALSE
A	0.0612045410129052	FALSE
T	0.0770818411197986	FALSE
A	0.0236550126489988	FALSE
A	0.151445725675286	FALSE
A	0.00809388011679276	FALSE
T	0.0917266716108271	FALSE
A	0.167710713357616	FALSE
T	0.174008998524729	FALSE
T	0.171103126821735	TRUE
A	0.0770294174397962	TRUE
T	0.0096546451480125	FALSE
T	0.0390010125610813	FALSE
A	0.0954939518064237	FALSE
T	0.139321124260691	TRUE
A	0.13671647955889	FALSE
T	0.0038674754793994	FALSE
T	0.0933134640935036	FALSE
A	0.0105627974049611	FALSE
T	0.0967794520927922	FALSE
A	0.129376505372631	FALSE
T	0.118477034605445	FALSE
T	0.128437081198967	FALSE
A	0.158946813038464	FALSE
A	0.117309124687333	FALSE
A	0.0128557988757474	FALSE
A	0.0635514013708383	FALSE
T	0.0885407486225726	FALSE
T	0.1407984920088	FALSE
A	0.181749072738862	TRUE
A	0.0457606449016036	FALSE
A	0.0514626223470284	FALSE
T	0.0865398385379719	FALSE
T	0.0167319472551782	FALSE
A	0.0662148895389725	FALSE
A	0.0994118448866461	FALSE
A	0.118476849461278	FALSE
A	0.13515727274433	FALSE
T	0.0451510944148398	FALSE
T	0.0672624513174641	FALSE
A	0.0361071689189366	FALSE
A	0.206129876502802	FALSE
T	0.117496941207309	FALSE
T	0.191231270555719	TRUE
T	0.18738990835177	FALSE
A	0.122656304625981	FALSE
A	0.0858671290304139	FALSE
T	0.136728696474077	FALSE
A	0.14511149268473	FALSE
A	0.0156016879900416	FALSE
T	0.0482094764330636	FALSE
A	0.0723373419214583	TRUE
A	0.173208058535382	FALSE
T	0.00669485674849032	FALSE
A	0.0503705823818823	FALSE
A	0.0373995424912957	FALSE
A	0.0134149477780194	FALSE
A	0.172625703522223	FALSE
T	0.057371988669706	FALSE
A	0.180306830626887	FALSE
T	0.0383739698352654	TRUE
T	0.045777134826886	FALSE
T	0.112909163910131	FALSE
A	0.16077155028226	FALSE
T	0.159107676203047	TRUE
A	0.18688176996116	FALSE
T	0.0755938815942333	FALSE
A	0.184208596722447	FALSE
T	0.052882994366516	TRUE
A	0.153171257589539	FALSE
T	0.16541488643291	FALSE
A	0.0556311965349911	FALSE
A	0.134397486839218	FALSE
T	0.112119354282547	TRUE
A	0.120184180086893	FALSE
T	0.0338369352750532	FALSE
A	0.114951849932957	FALSE
T	0.174120266939394	FALSE
A	0.0829037295189019	FALSE
T	0.0803511266089451	TRUE
A	0.162061404701245	TRUE
T	0.0554929617221851	FALSE
A	0.130193310964999	FALSE
A	0.0555242589875941	FALSE
A	0.173197658912473	FALSE
T	0.0304836689059448	FALSE
T	0.058652259268938	FALSE
A	0.0299934819995331	FALSE
A	0.115311303983083	FALSE
A	0.0682948893423812	FALSE
A	0.0767768969471611	FALSE
T	0.0230069906736242	FALSE
A	0.121608712988009	FALSE
A	0.148144571508302	FALSE
A	0.160018747908016	TRUE
T	0.16229242572596	TRUE
A	0.0795582486395001	FALSE
A	0.166132327210845	FALSE
T	0.148503722387635	TRUE
T	0.0448764255796797	FALSE
T	0.0415625260236137	FALSE
T	0.123750255160151	FALSE
T	0.0811806496892727	FALSE
T	0.091762022143715	FALSE
A	0.0338569266551931	FALSE
A	0.031816527687097	FALSE
A	0.020907195265369	FALSE
A	0.0831635236839955	FALSE
T	0.0576015833529503	FALSE
A	0.0686535658438199	FALSE
A	0.0637798021261565	FALSE
T	0.132709127540805	FALSE
A	0.0680178921922797	TRUE
A	0.10379752313795	FALSE
A	0.0863813431484233	FALSE
T	0.163897364826684	FALSE
T	0.0540390205375758	FALSE
T	0.163066312470079	FALSE
A	0.0795503145364213	FALSE
A	0.0612540253196235	FALSE
T	0.0580242670323381	FALSE
T	0.0622107377391039	FALSE
A	0.0173333185090689	FALSE
A	0.0786715204697817	FALSE
T	0.0414929131505221	FALSE
T	0.110804020514192	FALSE
A	0.178137876266382	FALSE
T	0.03955366311779	FALSE
A	0.0701669027940333	FALSE
A	0.119611626990009	FALSE
A	0.12243194349735	FALSE
T	0.0754528547709009	FALSE
T	0.0629359670663717	TRUE
T	0.110990477593658	FALSE
T	0.0189722724130659	FALSE
T	0.192629815225243	FALSE
T	0.163799853248488	FALSE
T	0.00332768482315988	FALSE
A	0.170838846251319	FALSE
T	0.0908962039514408	FALSE
A	0.0321623022120382	FALSE
T	0.0745605869610357	FALSE
T	0.0849678302793026	FALSE
T	0.186336003394836	FALSE
A	0.0932479449074142	FALSE
T	0.123705547207886	FALSE
A	0.153108794551327	FALSE
T	0.10598415299844	FALSE
T	0.0876351556882065	FALSE
A	0.00797840796209915	TRUE
A	0.108774713264546	FALSE
T	0.05989098505307	FALSE
T	0.0085419254415773	FALSE
T	0.0645089854186644	FALSE
A	0.154608326264632	FALSE
A	0.112742695045264	FALSE
T	0.0147720763831235	FALSE
T	0.0872275476588467	FALSE
A	0.0735996243569162	FALSE
A	0.0402914693730494	FALSE
T	0.142654173969598	FALSE
T	0.045576354705132	FALSE
T	0.015806267173964	FALSE
T	0.0576944588589834	TRUE
T	0.12022284781443	FALSE
T	0.0999819039594064	FALSE
A	0.105872906859462	FALSE
A	0.060090129388569	FALSE
A	0.116677367430232	FALSE
T	0.160357206307087	TRUE
T	0.102107919694537	FALSE
T	0.0560237678846868	FALSE
A	0.094882251345399	FALSE
T	0.158574919488175	FALSE
A	0.0304860178372815	FALSE
A	0.0249800748371929	FALSE
A	0.025577245435117	FALSE
A	0.0750457678137714	FALSE
T	0.163604765797125	FALSE
A	0.169424827494028	FALSE
A	0.0665662661194572	TRUE
A	0.128882823245346	FALSE
T	0.0208112851036207	FALSE
T	0.156084622270644	FALSE
A	0.108245040009673	FALSE
A	0.0568486173592717	FALSE
A	0.116932835508569	FALSE
A	0.0754550367496718	FALSE
T	0.115819248972346	FALSE
T	0.15276566571359	FALSE
A	0.0633661871634835	FALSE
T	0.0550808234767454	FALSE
T	0.118913054789399	FALSE
T	0.0900995616487807	FALSE
A	0.101923458285553	FALSE
T	0.143414581847651	FALSE
T	0.0259044941553731	FALSE
T	0.115219941676009	FALSE
A	0.0251233780606945	FALSE
T	0.100939614862619	FALSE
A	0.043873934456646	FALSE
A	0.141577789669515	FALSE
T	0.133115276020463	FALSE
T	0.0203179891567819	FALSE
A	0.0349614296009221	FALSE
A	0.0554762727600341	TRUE
A	0.0507136184716685	FALSE
A	0.0381583175755595	FALSE
T	0.00214253668915333	FALSE
A	0.137421591102301	FALSE
T	0.137186312530083	FALSE
A	0.0250312250748676	FALSE
A	0.113764007135503	FALSE
T	0.159435980011918	TRUE
A	0.101531168212914	FALSE
A	0.0763644536142035	FALSE
A	0.108656731668306	FALSE
A	0.0942076987832605	FALSE
A	0.139039791939299	FALSE
T	0.0436051331446528	FALSE
A	0.0299428685355472	FALSE
A	0.0203726532994621	FALSE
A	0.102819801230589	FALSE
A	0.0194244685008907	FALSE
A	0.120548891022888	FALSE
A	0.156913145933562	FALSE
T	0.102549553043216	FALSE
A	0.125866049045178	FALSE
A	0.120981586666379	FALSE
A	0.156622761011901	FALSE
T	0.152421072286699	FALSE
A	0.152576432609089	FALSE
A	0.138055146154216	FALSE
T	0.0443155366749904	FALSE
A	0.177993437542131	FALSE
A	0.0371230363399026	FALSE
A	0.105461784533002	FALSE
A	0.0711435711140118	FALSE
A	0.177199589098188	FALSE
T	0.0866884997967864	FALSE
A	0.0288238124270681	FALSE
A	0.0117855360985455	FALSE
A	0.0651980500562719	FALSE
T	0.00235486319313174	FALSE
A	0.0362633314805739	FALSE
T	0.168444452527895	TRUE
T	0.100933046006084	FALSE
T	0.064135597256865	FALSE
T	0.0323274261205431	FALSE
T	0.0324017047238972	TRUE
T	0.0731708220723731	FALSE
T	0.109539450835065	TRUE
T	0.140972837985033	FALSE
T	0.108115249756448	FALSE
T	0.169473706318788	FALSE
A	0.0603295017890871	FALSE
A	0.0264935837143757	FALSE
T	0.142654266476502	FALSE
T	0.098524898288678	FALSE
A	0.0724797158299929	FALSE
T	0.13259370300715	FALSE
A	0.0763897142469176	FALSE
T	0.145430296633518	FALSE
A	0.163103666359629	FALSE
T	0.0186549041182548	FALSE
A	0.180330091645848	FALSE
A	0.0551496770836876	FALSE
T	0.184425563955587	FALSE
A	0.05560868386883	FALSE
T	0.163231547577609	TRUE
A	0.130951956052456	FALSE
T	0.0925422622769117	FALSE
T	0.120106152918609	FALSE
T	0.00318774710257963	FALSE
A	0.0933407959367964	FALSE
A	0.0964821747184802	FALSE
T	0.169759387708356	TRUE
A	0.157414610401326	TRUE
A	0.0550517038871251	FALSE
T	0.0142315056604368	FALSE
T	0.192777386299303	FALSE
A	0.0785312156597204	FALSE
T	0.0170422239048591	FALSE
A	0.0918784450667612	FALSE
T	0.0684560385060168	FALSE
A	0.0756614895786217	FALSE
A	0.116450297813372	FALSE
A	0.00183367839147773	FALSE
A	0.173115575619999	FALSE
A	0.168475592048274	FALSE
A	0.101991257806667	FALSE
T	0.168780776801107	FALSE
T	0.0524700500237813	FALSE
T	0.0601333753194348	FALSE
A	0.106312170658297	FALSE
A	0.0642642391158147	FALSE
A	0.0736617479977969	FALSE
T	0.013034137743077	FALSE
T	0.0301351212557211	FALSE
A	0.179428168941863	FALSE
T	0.0211352885279796	FALSE
T	0.0478351222052302	FALSE
A	0.0259790965447275	FALSE
T	0.124983569747977	FALSE
A	0.149261502976086	FALSE
T	0.0284827272772618	TRUE
T	0.0528625993483874	FALSE
A	0.104775039965821	FALSE
A	0.00284409882528909	FALSE
A	0.129008525926507	FALSE
T	0.0584407413913366	FALSE
A	0.0116221293483482	FALSE
A	0.0581795931453806	FALSE
A	0.144708409162638	FALSE
T	0.148674362558011	FALSE
A	0.116024216893411	FALSE
A	0.0791952508863864	FALSE
A	0.0743774204053505	FALSE
T	0.0497964696633588	FALSE
A	0.151840553342164	FALSE
A	0.122898782458267	FALSE
A	0.10006122883134	FALSE
A	0.0750599537624653	FALSE
A	0.0388674360774986	FALSE
A	0.102620540215303	FALSE
T	0.0289397189902998	FALSE
T	0.0221189447797487	FALSE
T	0.152565468627742	FALSE
A	0.0953888998238992	FALSE
A	0.0663952273660098	FALSE
T	0.167175853109847	FALSE
T	0.1655901031875	TRUE
A	0.0698849623628043	FALSE
T	0.121930232755364	TRUE
A	0.109255593491696	TRUE
A	0.106124069554902	FALSE
T	0.0206045906720693	FALSE
T	0.18350115136785	FALSE
A	0.189461469206648	FALSE
T	0.14249965213557	FALSE
A	0.118014714104916	FALSE
T	0.140832149926274	FALSE
A	0.110905617172647	FALSE
T	0.152457686264431	FALSE
T	0.0316104462820441	FALSE
A	0.0519316324906262	FALSE
T	0.137807617779757	FALSE
T	0.00778402979162001	FALSE
A	0.162137874252403	FALSE
T	0.132306664658562	TRUE
T	0.027665423636645	FALSE
A	0.0911110639363587	FALSE
A	0.0820809317383981	FALSE
T	0.0674630177115533	FALSE
T	0.0505791660372226	FALSE
T	0.137703435372307	FALSE
T	0.0361760868393948	FALSE
T	0.100268046148399	TRUE
A	0.0006350910832379	FALSE
A	0.120841306132568	FALSE
A	0.166022757609261	FALSE
T	0.106550012903173	FALSE
T	0.193038782974467	FALSE
T	0.0202503486695984	FALSE
T	0.0996398932507983	FALSE
A	0.0784131762792752	FALSE
T	0.0516233863503519	FALSE
A	0.00581061198320081	TRUE
T	0.183579025280688	FALSE
T	0.105806799071929	FALSE
T	0.140442698304921	FALSE
T	0.0823862797145249	FALSE
A	0.070940495339147	FALSE
A	0.0236547663344153	FALSE
T	0.140342364730334	FALSE
A	0.067684102108842	FALSE
A	0.0182763710393734	FALSE
T	0.150029612862019	TRUE
T	0.100451312587664	FALSE
A	0.0847350207116642	FALSE
A	0.158726501353634	FALSE
T	0.0856797047191563	FALSE
T	0.121138960021756	FALSE
A	0.122181091800753	FALSE
T	0.0521565622857551	FALSE
T	0.0998551443000135	FALSE
T	0.125808159281911	TRUE
T	0.155583225653696	FALSE
A	0.00616540933601725	FALSE
T	0.120892132723295	FALSE
T	0.0876043882053117	FALSE
T	0.0472030380765003	FALSE
T	0.0964086171785973	FALSE
A	0.159128081565937	FALSE
A	0.156891969476053	FALSE
A	0.0589776563150643	FALSE
T	0.0906037729702685	FALSE
A	0.0380927488334978	FALSE
T	0.145184519089197	TRUE
T	0.047441217716422	FALSE
A	0.106146713745617	FALSE
A	0.172984548256414	FALSE
T	0.0442821680113885	FALSE
T	0.0799058375893051	FALSE
T	0.106695519128561	FALSE
A	0.121076111120983	FALSE
A	0.0548538945773285	FALSE
A	0.00179750117018788	FALSE
A	0.158753368328115	FALSE
A	0.1301828454637	FALSE
T	0.129667434403647	FALSE
T	0.115582449039157	FALSE
A	0.106698010419319	FALSE
T	0.105795442169475	FALSE
A	0.106179467125335	FALSE
A	0.12529478936518	FALSE
A	0.123145490065157	TRUE
T	0.0896995165193938	FALSE
A	0.0393195142013862	FALSE
A	0.10043927799746	FALSE
A	0.0333265294846392	FALSE
A	0.0345360350345819	FALSE
A	0.113911035344277	FALSE
T	0.0369720710241253	FALSE
T	0.0431889017067601	FALSE
T	0.070088402122211	FALSE
A	0.144599531681281	FALSE
A	0.0134469884396713	FALSE
T	0.152377163851587	FALSE
T	0.0603929160983913	FALSE
T	0.0615344619579224	FALSE
A	0.125362329255387	FALSE
T	0.0983278813421111	FALSE
T	0.000294380357931416	FALSE
A	0.169159628130448	FALSE
T	0.0408689726077422	FALSE
A	0.0102578992216934	FALSE
T	0.172263969569096	FALSE
T	0.128619675905495	FALSE
A	0.0733230510325963	FALSE
T	0.084260278197731	FALSE
A	0.156792719352034	FALSE
A	0.00755110336266472	FALSE
T	0.0685132651239555	FALSE
A	0.065266209139888	FALSE
A	0.117794502721287	FALSE
T	0.0368906624913746	FALSE
T	0.0473725473146271	FALSE
A	0.0756479771013245	FALSE
A	0.0192139960198891	FALSE
T	0.09279491248188	FALSE
A	0.111666694607626	FALSE
T	0.113512022239721	FALSE
T	0.0136289023930352	FALSE
A	0.184543606547901	FALSE
A	0.000576498882818605	FALSE
A	0.193303951478002	FALSE
T	0.170995890481745	FALSE
T	0.0606131009311911	FALSE
T	0.0262731514413785	FALSE
T	0.123012525380683	FALSE
A	0.031770211290231	FALSE
T	0.0814387124358456	FALSE
T	0.0814464687512441	FALSE
A	0.0688189602705561	FALSE
A	0.117361013382123	FALSE
A	0.0674152651182905	FALSE
A	0.169327973447237	FALSE
A	0.132680425387819	FALSE
T	0.00440237023634781	FALSE
T	0.165841222816191	FALSE
A	0.183912806167974	FALSE
A	0.179425419367767	FALSE
A	0.11070846253123	FALSE
A	0.0168458345116227	FALSE
A	0.0920176065350685	FALSE
A	0.0639271469143253	TRUE
T	0.0609313345173748	FALSE
T	0.167081497040463	FALSE
T	0.131168439095152	FALSE
A	0.0573041030062109	FALSE
T	0.150216178222259	FALSE
T	0.0761653489150414	FALSE
T	0.000185714365862497	FALSE
T	0.107614317123982	FALSE
A	0.0696113811328629	FALSE
A	0.0481769455930351	FALSE
T	0.104298328531652	FALSE
A	0.118382102818101	FALSE
T	0.0310001874866876	FALSE
A	0.0569243762782631	FALSE
T	0.146162271302965	FALSE
T	0.139800461779213	FALSE
A	0.160181247228832	FALSE
A	0.131067796932188	FALSE
T	0.00311189132841354	FALSE
T	0.0699331012674198	FALSE
A	0.00791569770109993	FALSE
A	0.17491980998131	TRUE
A	0.0583927555358699	TRUE
T	0.166443901144896	FALSE
T	0.185608534266469	FALSE
T	0.169144415572332	FALSE
A	0.151867669910233	FALSE
T	0.0701012580426564	FALSE
A	0.121866941115135	FALSE
A	0.151078236032407	FALSE
T	0.0640917031724534	FALSE
A	0.076710494399047	FALSE
T	0.0883445112822477	FALSE
T	0.107610278743358	FALSE
T	0.189084259044666	FALSE
A	0.124131735722506	FALSE
T	0.16618572375473	FALSE
T	0.119205995782864	FALSE
A	0.0355726063579067	FALSE
A	0.0618662175641813	FALSE
A	0.0727552584103327	FALSE
A	0.10268193715751	FALSE
A	0.146059954631287	FALSE
A	0.107496832528737	FALSE
A	0.174250277931085	FALSE
T	0.0637760670923646	FALSE
T	0.139158000298792	FALSE
T	0.0170769508050243	FALSE
A	0.120539476451345	FALSE
T	0.0238608411182763	FALSE
A	0.0401408730954155	FALSE
T	0.00729224620838026	FALSE
A	0.0252582844578015	FALSE
A	0.0843588305028219	FALSE
A	0.130531936442809	FALSE
T	0.0569804886523742	FALSE
A	0.158461659308466	FALSE
T	0.153040407033301	FALSE
A	0.178133724320782	FALSE
T	0.145241913807276	FALSE
A	0.121879762792822	FALSE
A	0.0160433783596651	FALSE
A	0.0500648773722362	FALSE
A	0.0700605226597833	FALSE
A	0.0189083930471529	FALSE
A	0.100579162779687	FALSE
A	0.0317450317505333	FALSE
A	0.0976236800110745	FALSE
T	0.0213685832144968	FALSE
T	0.140317398931385	FALSE
T	0.0548035007874564	FALSE
T	0.0827232862094059	FALSE
A	0.113387022267425	FALSE
A	0.0817820412549696	FALSE
T	0.152041790641977	FALSE
A	0.126345255201712	FALSE
T	0.0543992899261544	FALSE
A	0.000939174042546652	FALSE
A	0.0945550357864063	FALSE
A	0.0147331426517817	FALSE
T	0.151447745044565	FALSE
T	0.0741026264954306	FALSE
A	0.103871125361516	FALSE
A	0.167514848472278	TRUE
T	0.0941238485501082	FALSE
A	0.149652858447772	FALSE
A	0.0980418656951674	FALSE
A	0.0530421028580232	FALSE
T	0.0567431515719906	FALSE
T	0.0615980596238684	FALSE
A	0.107275979587678	FALSE
A	0.16423065147487	FALSE
T	0.0363635318583883	FALSE
A	0.066654672537905	FALSE
A	0.156394097786791	FALSE
A	0.0311951596785975	FALSE
A	0.161782889357577	FALSE
T	0.0628391079970489	FALSE
T	0.0533865124715256	FALSE
A	0.0803310084931442	FALSE
T	0.0958361950586407	FALSE
A	0.00986379098125463	FALSE
A	0.144379287550535	FALSE
A	0.139758131076772	FALSE
T	0.165157513505208	FALSE
A	0.0360829311587852	FALSE
A	0.106629944259846	FALSE
T	0.0184760064714294	FALSE
T	0.115426771032304	FALSE
A	0.0577365056803212	TRUE
T	0.110711623771143	FALSE
A	0.143624723484371	FALSE
A	0.178422745132187	TRUE
A	0.107929595946456	FALSE
T	0.129630316793596	TRUE
T	0.0916320994478325	FALSE
A	0.0345309518201554	FALSE
T	0.170573933212651	FALSE
A	0.118198861842545	TRUE
A	0.0670262105455941	FALSE
T	0.118829877824415	FALSE
T	0.143949867383446	FALSE
A	0.0540060742895117	FALSE
T	0.0849003261940237	FALSE
A	0.0271690809681122	TRUE
A	0.134706423265947	FALSE
A	0.12600232385794	FALSE
A	0.180978916339111	TRUE
T	0.0095598582351966	FALSE
A	0.0683390912003965	FALSE
A	0.186875959261293	FALSE
A	0.172720520921064	FALSE
T	0.062054223123782	FALSE
A	0.0370624630229884	FALSE
A	0.0270935801950895	FALSE
A	0.146038679401159	FALSE
T	0.17011356657856	TRUE
T	0.0389497443667777	FALSE
